Task;;;;
Finalize production server configuration;;;;
Set up production SSL certificates;;;;
Configure production domain and DNS;;;;
Deploy database to production with initial data;;;;
Deploy backend API to production;;;;
Deploy web application to production;;;;
Configure CDN for production assets;;;;
Set up production monitoring dashboards;;;;
Configure production logging and alerts;;;;
Set up automated backup schedule;;;;
Configure email delivery service for production;;;;
Set up payment gateway in live mode;;;;
Configure shipping provider APIs for production;;;;
Enable Google Analytics and tracking in production;;;;
Submit mobile apps to App Store and Google Play;;;;
Perform smoke testing on production;;;;
Create production deployment checklist;;;;
Prepare rollback plan;;;;
Set up on-call rotation schedule;;;;
Create incident response procedures;;;;