Requirement;Description;;;
GDPR Compliance;EU data protection regulation - Privacy policy, consent management, data export/deletion;;;
PCI DSS Compliance;Payment card industry security - Tokenization, no card storage, quarterly scans;;;
Privacy Policy;Comprehensive, lawyer-reviewed privacy policy published;;;
Terms of Service;Legal terms and conditions, lawyer-reviewed;;;
Cookie Policy;Detailed cookie usage policy and consent banner;;;
Refund Policy;Clear refund and return policy for customers;;;
User Agreement;Marketplace user agreement for buyers and sellers;;;
Data Protection Officer;Designated DPO (if required), contact information published;;;
Right to Access;Users can request their personal data;;;
Right to Erasure;Account deletion with data anonymization;;;
Right to Rectification;Users can edit all personal information;;;
Right to Data Portability;Export user data in machine-readable format (JSON/CSV);;;
Right to Object;Opt-out mechanisms for marketing and profiling;;;
Consent Management;Track and manage user consent for data processing;;;
Data Breach Notification;Procedures for notifying users within 72 hours;;;
Age Verification;Mechanisms to prevent underage user registration;;;
Copyright Protection;DMCA takedown procedures, user content policies;;;
Trademark Protection;Verify sellers not selling counterfeit items;;;
Anti-Money Laundering;Transaction monitoring, suspicious activity reporting;;;
Tax Compliance;Sales tax collection and reporting mechanisms;;;
Accessibility Compliance;WCAG 2.1 AA compliance for web and mobile;;;
App Store Compliance;Apple App Store and Google Play Store guidelines;;;
Seller Verification;KYC (Know Your Customer) for marketplace sellers;;;
Content Moderation;Policies and tools for inappropriate content removal;;;
Terms Updates;Mechanism to notify users of policy changes;;;