Security Item;Details;;;
SSL/TLS Certificate;Valid certificate, TLS 1.2+, A+ SSL Labs rating;;;
HTTPS Enforcement;All traffic redirected to HTTPS, HSTS enabled;;;
Security Headers;CSP, X-Frame-Options, X-Content-Type-Options configured;;;
Input Validation;All user inputs validated on server-side;;;
SQL Injection Prevention;Parameterized queries, ORM usage;;;
XSS Prevention;Input sanitization, Content Security Policy;;;
CSRF Protection;CSRF tokens on all state-changing requests;;;
Password Security;bcrypt/Argon2 hashing, 12+ rounds, strong policy;;;
Session Management;Secure cookies, httpOnly, SameSite, short expiration;;;
Authentication;Rate limiting, account lockout, secure password reset;;;
Authorization;Role-based access control, principle of least privilege;;;
API Security;Rate limiting, API keys, OAuth 2.0 for third-party;;;
Database Security;Encryption at rest, SSL connections, limited privileges;;;
File Upload Security;Type validation, size limits, virus scanning;; no virus detection;
DDoS Protection;CDN-level protection, rate limiting;;;
Payment Security;PCI DSS compliance, tokenization, no card storage;;;
Error Handling;No sensitive info in errors, custom error pages;;;
Logging & Monitoring;Security events logged, real-time alerts;;;
Dependency Management;Regular updates, vulnerability scanning;;;
Secrets Management;Environment variables, no hardcoded secrets;;;
Backup Security;Encrypted backups, secure storage location;;;
Incident Response;Documented procedures, contact list;;;
Penetration Testing;Annual testing by third-party;;;
Security Training;Developer security awareness training;;;
Compliance;GDPR, PCI DSS documentation and implementation;;;