Category;Requirement;Status;Owner;Notes;;
Infrastructure;Production Server hosting;Pending;;Choose provider based on budget;;
Infrastructure;Pre-Production Server hosting;Pending;;Choose provider based on budget;;
Infrastructure;Development and UAT Server hosting;Pending;;Choose provider based on budget;;
Infrastructure;Web Application Servers configuration detals;Pending;;Auto-scaling configured;;
Infrastructure;Database Servers configuration details;Pending;;Choose DB;;
Infrastructure;Redis Cache Server configuration details;Pending;;For session and query caching;;
Infrastructure;CDN Setup (CloudFlare/CloudFront);Pending;;Cache static assets 1 year;;
Infrastructure;Load Balancer Configuration;Pending;;Health checks every 30s;;Traefik var, health checks var
Infrastructure;Auto-scaling rules (CPU > 70%);Pending;;Horizontal scaling;;docker-compose.prod.yml'de CPU-based scaling config var
Database;PostgreSQL/MySQL installation and configuration;Pending;;Max connections 200-500;;
Database;Database optimization (indexes, query performance);Pending;;Target < 50ms average;;
Database;Master-slave replication setup;Pending;;High availability;;
Database;Automated backup system (daily full, hourly incremental);Pending;;30-day retention;;
Database;Point-in-time recovery capability;Pending;;Critical for data recovery;;
Database;Database encryption at rest;Pending;;For sensitive data;;
Database;Automated failover mechanism;Pending;;Minimize downtime;;
Security;SSL/TLS Certificate ;Pending;;Auto-renewal configured;;lets encrypt
Security;TLS 1.2/1.3 configuration with strong ciphers;Pending;;Target SSL Labs A+;;
Security;HSTS header implementation;Pending;;Max-age 31536000;;
Security;Security headers (CSP, X-Frame-Options, etc.);Pending;;Prevent XSS, clickjacking;;
Security;Input validation and sanitization;Pending;;All user inputs;;
Security;SQL injection prevention (parameterized queries);Pending;;Critical security;;
Security;XSS prevention (DOMPurify);Pending;;Sanitize HTML;;
Security;Password hashing (bcrypt/Argon2, 12+ rounds);Pending;;Strong security;;
Security;Strong password policy enforcement;Pending;;8+ chars, mixed case, symbols;;
Security;Account lockout after failed login attempts;Pending;;5 attempts, 15 min lockout;;
Security;JWT implementation (15min access, 7 day refresh);Pending;;Secure cookies;;
Security;CSRF protection tokens;Pending;;All state-changing requests;;
Security;Rate limiting implementation;Pending;;Prevent abuse;;
Security;DDoS protection at CDN level;Pending;;CloudFlare/AWS Shield;;
Security;File upload validation (type, size, content);Pending;;Prevent malicious uploads;;
Security;Security audit and penetration testing;Pending;;Before launch;;
Security;WAF (Web Application Firewall) setup;Pending;;Choose WAF;;
Security;2FA/MFA implementation;Pending;;Optional for users;;
Payment;Payment gateway integration (Izyico);Pending;;PCI DSS compliant;;sandbox kurulu api gelince düzelecek
Payment;Tokenization for card storage;Pending;;Never store CVV;;
Payment;3D Secure authentication;Pending;;Fraud prevention;;
Payment;Payment transaction audit logs;Pending;;Compliance requirement;;
Payment;Fraud detection system (velocity checks);Pending;;Geolocation, patterns;;
Payment;Quarterly vulnerability scans;Pending;;PCI DSS requirement;;
Payment;Refund and chargeback handling;Pending;;Automated workflows;;
SEO;Server-side rendering (Next.js/Nuxt.js);Pending;;Better SEO;;ssr optimizasyonu eksik
SEO;Clean URL structure implementation;Pending;;Hyphens, descriptive;;kısmen var tam değil
SEO;XML sitemap generation (auto-update);Pending;;Submit to search engines;;sitemap var auto update yok
SEO;Robots.txt configuration;Pending;;Block admin, duplicates;;
SEO;Meta tags optimization (title, description);Pending;;Unique per page;;
SEO;Open Graph and Twitter Card tags;Pending;;Social sharing;;
SEO;Structured data (Schema.org JSON-LD);Pending;;Product, Review, Organization;;
SEO;Image optimization and lazy loading;Pending;;WebP with fallbacks;;
SEO;Core Web Vitals optimization;Pending;;LCP<2.5s, FID<100ms, CLS<0.1;;
SEO;Mobile-first responsive design;Pending;;Google mobile-first indexing;;google mobile first indexing optimizasyonu eksik
SEO;AI Search Optimization (SearchGPT, Perplexity);Pending;;Structured answers, FAQs;;
SEO;Internal linking strategy;Pending;;Keyword-rich anchors;;
SEO;Canonical tags for duplicate content;Pending;;Prevent duplicate indexing;;
SEO;Google Search Console setup;Pending;;Monitor performance;;
Email;Transactional email service ;Pending;;API integration;;
Email;SPF record configuration;Pending;;Email authentication;;
Email;DKIM setup;Pending;;Email authentication;;
Email;DMARC policy configuration;Pending;;Email security;;
Email;Email template system (MJML);Pending;;Responsive templates;;
Email;Welcome email automation;Pending;;After registration;;
Email;Email verification flow;Pending;;Confirm email ownership;;
Email;Password reset email;Pending;;Secure token-based;;
Email;Order confirmation emails;Pending;;With invoice PDF;;invoice pdf yok
Email;Shipping notification emails;Pending;;Tracking info;;tracking sayfasına yönlendiriyo ama güncellemelerin mail gelmesi için api lazım
Email;Trade proposal notification;Pending;;Real-time alerts;;
Email;Message notification emails;Pending;;User inbox alerts;;
Email;Email unsubscribe functionality;Pending;;Legal requirement;;
Email;Email bounce handling;Pending;;Track bounced emails;;
Localization;i18n framework setup (react-i18next/vue-i18n);Pending;;Multi-language support;;
Localization;Language detection (browser, user preference);Pending;;Auto-detect language;;
Localization;Translation files structure (JSON/YAML);Pending;;Organized by page/feature;;
Localization;RTL (Right-to-Left) support for Arabic;Pending;;CSS RTL support;;
Localization;Currency localization;Pending;;Multi-currency support;;
Localization;Date/time localization;Pending;;Format per locale;;
Localization;Number formatting localization;Pending;;Decimal separators;;
Localization;Language selector UI component;Pending;;Easy switching;;
Localization; ;Pending;;Proper indexing;;
Localization;Translation management system;Pending;;Lokalise/Crowdin;;
Localization;Initial languages: English, Turkish;Pending;;Expand later;;
Push Notifications;Firebase Cloud Messaging (FCM) setup;Pending;;For Android;;
Push Notifications;Apple Push Notification Service (APNs) setup;Pending;;For iOS;;
Push Notifications;Push notification permission handling;Pending;;User opt-in;;
Push Notifications;Device token management;Pending;;Store and update tokens;;
Push Notifications;Notification categories (orders, messages, trades);Pending;;User preferences;;
Push Notifications;Rich notifications (images, actions);Pending;;Enhanced engagement;;
Push Notifications;Deep linking from notifications;Pending;;Direct to content;;
Push Notifications;Notification scheduling system;Pending;;Time-based sending;;notificationlar çalışıyor ama burada istenenler kadarı yok
Push Notifications;Notification analytics tracking;Pending;;Open rates, clicks;;
Push Notifications;Notification preference center;Pending;;User controls;;
Push Notifications;Badge count management;Pending;;Unread indicators;;
Push Notifications;Silent/background notifications;Pending;;Data sync;;
Social Media;Facebook Login integration;Pending;;OAuth 2.0;;
Social Media;Google Login integration;Pending;;OAuth 2.0;;
Social Media;Apple Sign In (iOS);Pending;;Required for App Store;;
Social Media;Social sharing buttons (Facebook, Twitter, WhatsApp);Pending;;Product pages;;
Social Media;Instagram integration for product photos;Pending;;User gallery;;
Social Media;Social media API rate limit handling;Pending;;Prevent blocks;;
Social Media;Social login account linking;Pending;;Merge accounts;;
Analytics;Google Analytics 4 (GA4) implementation;Pending;;Full event tracking;;
Analytics;Google Tag Manager setup;Pending;;Manage tags easily;;
Analytics;E-commerce tracking (transactions, revenue);Pending;;Purchase funnel;;
Analytics;User behavior tracking (page views, clicks);Pending;;Understand users;;
Analytics;Conversion funnel tracking;Pending;;Optimize conversions;;
Analytics;Custom event tracking;Pending;;Product views, searches;;
Analytics;User session recording (Hotjar/FullStory);Pending;;Heatmaps, recordings;;
Analytics;Error tracking (Sentry/Rollbar);Pending;;Monitor bugs;;
Analytics;Performance monitoring (New Relic/Datadog);Pending;;APM;;
Analytics;Custom analytics dashboard;Pending;;Admin insights;;
Analytics;Facebook Pixel implementation;Pending;;Retargeting;;
Analytics;LinkedIn Insight Tag;Pending;;B2B tracking;;
Firebase;Firebase project setup;Pending;;For mobile app;;
Firebase;Firebase Authentication;Pending;;User auth for app;;
Firebase;Firebase Cloud Firestore (if needed);Pending;;NoSQL database;;
Firebase;Firebase Storage for images;Pending;;User uploads;;
Firebase;Firebase Analytics;Pending;;App usage tracking;;
Firebase;Firebase Crashlytics;Pending;;Crash reporting;;
Firebase;Firebase Remote Config;Pending;;Feature flags;;
Firebase;Firebase Dynamic Links;Pending;;Deep linking;;
Firebase;Firebase Performance Monitoring;Pending;;App performance;;
Firebase;Firebase App Distribution;Pending;;Beta testing;;
Development;Git repository setup (GitHub/GitLab/Bitbucket);Pending;;Version control;;
Development;Branch strategy (Git Flow/Trunk-based);Pending;;Feature branches;;
Development;Code review process;Pending;;Pull request reviews;;
Development;Commit message conventions;Pending;;Conventional commits;;
Development;Repository access control;Pending;;Role-based access;;
Development;.gitignore configuration;Pending;;Exclude sensitive files;;
Development;Repository backup strategy;Pending;;Redundancy;;
CI/CD;CI/CD platform setup (GitHub Actions/GitLab CI/Jenkins);Pending;;Automated pipeline;;
CI/CD;Automated testing on commit;Pending;;Unit, integration tests;;
CI/CD;Code quality checks (ESLint, SonarQube);Pending;;Maintain quality;;
CI/CD;Security scanning (dependency vulnerabilities);Pending;;Snyk/Dependabot;;
CI/CD;Automated deployment to staging;Pending;;After tests pass;;
CI/CD;Manual approval for production;Pending;;Release control;;
CI/CD;Blue-green deployment strategy;Pending;;Zero downtime;;
CI/CD;Rollback capability;Pending;;Quick recovery;;
CI/CD;Environment variable management;Pending;;Secure config;;
CI/CD;Build artifact storage;Pending;;Version history;;
CI/CD;Deployment notifications (Slack/Email);Pending;;Team awareness;;
Privacy;Cookie consent banner;Pending;;GDPR compliance;;
Privacy;Cookie policy page;Pending;;Detailed cookie info;;Var ancak gelistirilmeli
Privacy;Privacy policy page;Pending;;Lawyer-reviewed;;Lawyer reviewed degiller
Privacy;Terms of service page;Pending;;Lawyer-reviewed;;
Privacy;Data export functionality (GDPR);Pending;;JSON/CSV export;;
Privacy;Account deletion with data anonymization;Pending;;Right to erasure;;
Privacy;Consent management system;Pending;;Track consent;;
Privacy;Data Protection Officer contact info;Pending;;GDPR requirement;;
Privacy;User preference center;Pending;;Manage privacy settings;;
Privacy;Data retention policy implementation;Pending;;Auto-delete old data;;
Performance;Code minification (JS, CSS);Pending;;Reduce file size;;
Performance;Code splitting and lazy loading;Pending;;Load on demand;;
Performance;Image optimization pipeline;Pending;;WebP conversion;;
Performance;Gzip/Brotli compression;Pending;;Compress responses;;
Performance;Redis caching implementation;Pending;;Frequent queries;;
Performance;HTTP caching headers;Pending;;ETag, Last-Modified;;
Performance;Database query optimization;Pending;;Indexes, EXPLAIN;;
Performance;Database connection pooling;Pending;;Efficient connections;;
Performance;API response caching;Pending;;5-15 min TTL;;
Performance;Service worker for offline support;Pending;;PWA capability;;
Testing;Unit testing setup (Jest/Mocha);Pending;;80%+ coverage;;
Testing;Integration testing;Pending;;API endpoints;;
Testing;E2E testing (Cypress/Playwright);Pending;;Critical flows;;
Testing;Cross-browser testing;Pending;;Chrome, Firefox, Safari, Edge;;
Testing;Mobile device testing;Pending;;Various screen sizes;;
Testing;Load testing (JMeter/Artillery);Pending;;500-1000 concurrent users;;
Testing;API testing (Postman/Newman);Pending;;All endpoints;;
Testing;Accessibility testing (WCAG 2.1);Pending;;A11y compliance;;
Testing;Security testing (OWASP Top 10);Pending;;Vulnerability scan;;
Testing;User acceptance testing (UAT);Pending;;Client sign-off;;
Monitoring;Application monitoring (New Relic/Datadog/Prometheus);Pending;;Performance metrics;;
Monitoring;Centralized logging (ELK Stack);Pending;;Log aggregation;;
Monitoring;Error tracking (Sentry/Rollbar);Pending;;Bug tracking;;
Monitoring;Uptime monitoring (Pingdom/UptimeRobot);Pending;;24/7 availability;;
Monitoring;Alert rules configuration;Pending;;Critical issues;;
Monitoring;Performance dashboards;Pending;;Real-time metrics;;
Monitoring;Database performance monitoring;Pending;;Query analysis;;
Monitoring;API response time monitoring;Pending;;Target <200ms;;
Monitoring;SSL certificate expiration monitoring;Pending;;Auto-alerts;;
Monitoring;On-call rotation setup;Pending;;Incident response;;
Documentation;API documentation (Swagger/OpenAPI);Pending;;Auto-generated;;
Documentation;System architecture documentation;Pending;;Diagrams, explanations;;
Documentation;Database schema documentation;Pending;;ERD diagrams;;
Documentation;Deployment runbook;Pending;;Step-by-step guide;;
Documentation;Incident response playbook;Pending;;Emergency procedures;;
Documentation;User manual/help documentation;Pending;;End-user guide;;
Documentation;Admin panel documentation;Pending;;Admin features;;
Documentation;Code comments and inline documentation;Pending;;Complex functions;;
Mobile App;React Native/Flutter framework setup;Pending;;Cross-platform;;
Mobile App;iOS app development;Pending;;Swift/React Native;;
Mobile App;Android app development;Pending;;Kotlin/React Native;;
Mobile App;App icon and splash screen;Pending;;All screen sizes;;
Mobile App;App Store listing preparation;Pending;;Screenshots, description;;
Mobile App;Google Play listing preparation;Pending;;Screenshots, description;;
Mobile App;In-app purchases setup (if applicable);Pending;;Subscriptions;;
Mobile App;Biometric authentication (Face ID/Fingerprint);Pending;;Enhanced security;;
Mobile App;Offline mode capability;Pending;;Cache data locally;;
Mobile App;App update mechanism;Pending;;Force/optional updates;;
Mobile App;App version management;Pending;;Track versions;;
Mobile App;Device compatibility testing;Pending;;Various devices;;
Features;Search functionality (Elasticsearch/Algolia);Pending;;Fast product search;;
Features;Advanced filters and sorting;Pending;;Multi-faceted search;;
Features;Help desk/ticketing system;Pending;;Customer support;;iyilestirilebilir
Features;Admin dashboard analytics;Pending;;Business insights;;
Features;Inventory management;Pending;;Stock tracking;;
Features;Shipping integration ;Pending;;Automated shipping;;
Features;Invoice generation (PDF);Pending;;Purchase records;;