Deliverable;Description;;;
Website (97 pages);Fully functional e-commerce website with all features;;;
Mobile Apps (iOS & Android);Native mobile apps with 41 screens and full functionality;;;
Admin Panel (62 pages);Complete admin dashboard for marketplace management;;;
Database Schema;Complete database with all tables, relationships, and indexes;;;
API Documentation;Comprehensive API documentation (Swagger/OpenAPI);;;
Technical Documentation;System architecture, deployment guide, maintenance procedures;;;
User Manuals;End-user documentation and help guides;;;
Admin Manual;Complete admin panel user guide;;;
Source Code;Complete source code with version control repository access;;;
Test Reports;Test plans, test cases, and test execution reports;;;
Deployment Scripts;Automated deployment and infrastructure scripts;;;
Training Materials;Video tutorials and training documentation;;;
Security Audit Report;Penetration testing and security assessment report;;;
Performance Report;Load testing results and optimization recommendations;;;
GDPR Compliance Documentation;Privacy policy, cookie policy, data processing records;;;
Payment Gateway Integration;PayTR and iyzico integration with Turkish Lira support;;;
Shipping Integration;Integration with shipping provider APIs;;;
SSL Certificates;Production SSL/TLS certificates configured;;;
Monitoring Setup;APM, logging, error tracking, and uptime monitoring;;;
Backup System;Automated backup system with tested restore procedures;;;