Item;Details;;;
All features tested and working;Complete QA testing, no critical bugs;;;
Load testing completed;System handles expected traffic load;;;
Security audit completed;Penetration testing, vulnerability scan passed;;;
SSL certificate installed;HTTPS working, SSL Labs A+ rating;;;
DNS configured correctly;Domain pointing to production servers;;;
CDN configured;Static assets served from CDN;;;
Database backups tested;Backup restoration verified;;;
Monitoring tools configured;APM, uptime, error tracking active;;;
Analytics tracking verified;GA4, event tracking working correctly;;;
Email delivery tested;All email templates working, SPF/DKIM/DMARC configured;;;
Payment processing tested;Test transactions successful, webhooks working;;;
Mobile apps submitted;iOS App Store and Google Play submissions approved;;;
Push notifications working;FCM/APNs configured and tested;;;
Legal pages published;Privacy Policy, Terms, Cookie Policy live;;;
GDPR compliance verified;Cookie consent, data export/deletion working;;;
SEO elements in place;Meta tags, sitemaps, robots.txt, structured data;;;
Social media accounts created;Facebook, Instagram, Twitter profiles ready;;;
Customer support setup;Help desk, live chat, FAQ ready;;;
Admin panel tested;All admin functions working correctly;;;
User documentation complete;Help guides, tutorials, FAQs published;;;
Error pages customized;404, 500 error pages designed and tested;;;
Performance optimized;Core Web Vitals meeting targets;;;
Multi-language tested;All languages display correctly, translations complete;;;
Search functionality tested;All search features working, relevant results;;;
Mobile responsive verified;Tested on various devices and screen sizes;;;
Cross-browser tested;Chrome, Firefox, Safari, Edge compatibility verified;;;
Accessibility tested;WCAG 2.1 compliance verified;;;
Backup plan documented;Disaster recovery procedures in place;;;
Rollback plan prepared;Ability to quickly revert if needed;;;
Team trained;Support team trained on platform features;;;
Marketing materials ready;Launch announcements, press releases prepared;;;
Go-live date scheduled;Stakeholders informed, launch date confirmed;;;