Task;Frequency;Description;;
System Monitoring;Continuous;Monitor server health, application performance, error rates;;
Bug Fixes;As needed;Fix reported bugs and issues within 90-day warranty period;;
Security Updates;Weekly;Apply security patches to dependencies and frameworks;;
Database Backup Verification;Daily;Verify automated backups completed successfully;;
Performance Optimization;Monthly;Review and optimize slow queries, API endpoints;;
SSL Certificate Renewal;Annually;Renew SSL certificates before expiration;;
Dependency Updates;Monthly;Update libraries and dependencies (with testing);;
Content Moderation;Daily;Review flagged content, approve listings and messages;;
User Support;Daily;Respond to user inquiries and support tickets;;
Log Analysis;Weekly;Review error logs and security logs;;
Database Optimization;Monthly;Optimize queries, rebuild indexes, clean old data;;
Storage Cleanup;Monthly;Remove orphaned files, optimize storage usage;;
Analytics Review;Weekly;Review traffic, conversions, user behavior;;
Load Testing;Quarterly;Perform load testing to ensure capacity;;
Security Scan;Monthly;Run automated security scans;;
Disaster Recovery Test;Quarterly;Test backup restore and failover procedures;;
Mobile App Updates;As needed;Submit bug fix updates to app stores;;
Email Deliverability Check;Weekly;Monitor email bounce rates and reputation;;
API Rate Limit Review;Monthly;Review and adjust rate limits based on usage;;
Feature Requests Review;Monthly;Evaluate and prioritize user feature requests;;